id;title;category;language;key;stanza1;stanza2;stanza3;stanza4
1;Kau Yang Terindah;Penyembahan;IDN;G;"Verse 1$$Kau yang terindah di dalam hidup ini
Tiada Allah Tuhan yang seperti Engkau
Besar perkasa penuh kemuliaan";"Verse 2$$Kau yang termanis di dalam hidup ini
Kucinta Kau lebih dari segalanya
Besar kasih setiaMu kepadaku";"Chorus 1$$Ku sembah Kau ya Allahku
Ku tinggikan namaMu selalu
Tiada lutut tak bertelut
Menyembah Yesus Tuhan Rajaku";"Chorus 2$$Ku sembah Kau ya Allahku
Ku tinggikan namaMu selalu
Semua lidah kan mengaku
Engkaulah Yesus Tuhan Rajaku"
